source_neuron,target_neuron,weight
0,1,2
0,359,15
1,2,7
1,180,9
1,189,3
1,312,7
1,450,1
1,465,4
2,3,6
2,39,20
2,109,3
2,163,9
2,422,13
3,4,4
3,74,18
3,154,2
3,236,5
3,468,5
4,5,13
4,128,17
4,245,12
4,351,4
4,484,2
5,6,14
5,37,20
5,67,19
5,235,19
5,296,8
5,367,20
5,378,11
5,462,19
5,475,4
6,7,6
6,78,5
6,117,12
6,131,8
6,143,11
6,435,14
6,451,8
6,458,10
7,8,16
7,131,17
7,156,13
7,332,15
7,354,18
7,385,12
7,470,1
8,9,9
8,193,20
8,234,12
8,361,19
9,7,9
9,10,15
9,233,10
9,324,4
9,343,7
9,397,5
9,490,4
10,11,3
10,36,20
10,56,13
10,118,1
10,122,1
10,225,2
10,288,5
10,296,3
10,349,17
10,477,8
11,12,12
11,32,11
11,83,11
11,105,7
11,189,12
11,305,15
11,337,3
12,13,8
12,255,14
12,296,3
12,357,1
12,486,9
13,14,3
13,68,9
13,103,16
13,327,11
13,328,6
13,329,6
14,15,19
14,53,9
14,83,8
14,140,7
14,294,18
14,358,4
15,16,17
15,32,8
15,292,11
15,335,13
15,339,11
15,392,20
15,414,16
16,17,10
16,77,6
16,195,10
16,226,9
16,257,6
16,264,5
16,395,9
16,479,14
17,18,18
17,109,9
17,190,4
17,191,5
17,301,10
17,345,20
17,386,19
17,473,12
18,19,15
18,52,5
18,307,13
18,373,20
19,20,11
19,22,4
19,60,1
19,92,3
19,152,12
19,406,15
19,451,8
20,21,8
20,223,4
20,370,6
21,22,9
21,67,1
21,181,10
21,189,17
21,290,15
21,381,6
21,415,13
21,509,15
22,14,5
22,23,7
22,39,13
22,58,6
22,178,10
23,24,6
23,60,9
23,258,5
23,324,13
23,341,9
24,25,9
24,43,12
24,258,14
24,265,7
24,299,19
24,350,15
25,26,12
25,28,11
25,42,13
25,367,1
25,450,6
25,478,3
25,480,7
25,489,8
26,17,3
26,27,5
26,289,13
26,304,17
26,317,6
26,343,8
27,28,5
27,90,11
27,140,19
27,167,9
27,282,7
27,340,19
27,421,6
27,476,16
28,29,6
28,135,11
28,144,13
28,147,14
28,195,11
28,204,8
29,1,12
29,30,7
29,61,7
29,309,19
29,480,20
30,31,20
30,34,7
30,135,9
30,249,2
30,323,2
30,404,12
30,464,17
30,468,19
31,32,18
31,57,4
31,124,19
31,149,4
31,197,16
31,201,1
31,292,17
31,300,18
31,434,6
31,450,11
32,33,6
32,277,16
32,469,13
32,505,20
33,28,19
33,34,16
33,40,7
33,80,13
33,92,18
33,110,6
33,171,13
33,326,2
33,359,12
33,421,7
34,22,15
34,35,1
34,164,12
34,226,17
34,263,19
34,339,16
35,36,18
35,118,14
35,196,19
35,279,12
35,322,1
35,388,13
36,37,6
36,233,10
36,308,14
36,327,2
37,25,18
37,38,20
37,123,17
37,326,4
37,328,11
37,342,1
37,496,20
38,39,11
38,153,19
38,493,3
39,40,1
39,60,8
39,295,7
39,337,17
39,409,6
39,421,9
39,443,20
39,500,5
40,41,14
40,78,11
40,133,7
40,161,4
40,180,12
40,189,7
40,311,11
40,320,20
40,373,2
41,42,5
41,154,10
41,185,17
41,187,6
42,43,19
42,163,1
42,313,20
42,406,4
43,44,1
43,71,12
43,140,1
43,230,12
43,511,3
44,45,15
44,47,12
44,309,13
44,491,11
45,46,14
45,75,17
45,107,17
45,118,2
45,355,17
45,366,10
45,447,7
46,47,16
46,220,11
46,283,13
46,328,12
47,23,7
47,48,8
47,253,5
47,482,17
48,8,9
48,49,7
48,312,4
48,348,17
49,50,4
49,92,8
49,144,17
49,174,8
49,261,2
50,51,12
50,53,17
50,130,14
50,152,3
50,175,16
50,295,4
50,304,20
51,8,2
51,52,4
51,56,7
51,60,4
51,147,12
51,155,2
51,226,9
51,234,7
51,343,18
51,482,16
52,53,13
52,96,19
52,156,8
52,231,11
52,258,9
52,343,4
52,355,5
52,489,14
52,494,14
53,13,2
53,48,11
53,54,13
53,59,13
53,106,6
53,337,1
53,386,4
53,484,18
54,11,10
54,55,18
54,220,3
54,358,15
54,382,11
54,499,2
55,56,12
55,85,7
55,106,10
55,274,6
55,506,3
56,57,9
56,112,19
56,161,3
57,58,16
57,206,5
57,298,7
57,372,9
58,59,2
58,90,18
58,210,9
58,289,17
58,354,6
58,481,14
59,12,3
59,60,1
59,228,5
59,373,10
59,394,10
60,61,19
60,117,7
60,253,5
60,263,15
60,288,1
60,406,18
61,37,7
61,62,7
61,99,9
61,236,5
61,251,20
61,316,4
61,326,20
61,370,10
61,407,2
62,63,6
62,215,13
62,348,19
63,64,8
63,170,6
63,171,15
63,259,7
63,457,18
63,464,2
64,65,16
64,398,11
64,431,10
64,475,5
64,485,1
65,24,15
65,43,19
65,66,12
65,94,19
65,331,8
65,387,13
65,393,1
66,67,18
66,153,14
66,206,7
66,259,4
66,501,7
67,31,9
67,68,20
67,196,13
67,511,7
68,69,7
68,206,10
68,300,17
68,348,7
68,414,13
68,501,5
69,15,1
69,70,9
69,235,4
69,484,16
70,52,13
70,71,15
70,233,12
70,457,1
71,5,18
71,69,7
71,72,16
71,145,17
71,295,10
71,389,17
72,23,8
72,73,7
72,83,4
72,232,17
72,300,7
72,337,15
72,454,8
72,475,7
72,486,4
73,74,11
73,171,9
73,218,4
73,267,13
74,31,1
74,45,10
74,56,5
74,65,3
74,75,12
74,115,1
74,294,16
74,317,6
74,392,19
75,76,3
75,173,18
75,213,15
75,385,1
76,10,7
76,39,18
76,77,5
76,111,3
76,334,15
76,382,2
77,53,12
77,68,7
77,78,7
77,228,6
77,350,5
77,386,17
77,416,4
78,79,8
78,193,1
78,209,6
78,248,11
78,273,11
78,277,17
78,283,19
78,346,13
78,386,6
78,423,8
78,474,17
79,80,12
79,96,15
79,97,19
79,123,10
79,202,15
79,239,15
79,373,17
79,374,10
79,419,11
79,440,15
80,30,10
80,81,8
80,87,5
80,131,10
80,142,11
80,242,5
80,322,9
80,348,7
80,456,15
80,484,20
81,82,3
81,415,12
81,456,4
82,48,13
82,56,4
82,83,7
82,158,20
82,178,13
82,399,6
82,406,6
82,477,10
83,3,8
83,62,19
83,84,20
83,97,4
83,193,16
83,432,17
83,454,9
84,28,6
84,39,12
84,85,1
84,100,7
84,103,13
84,132,15
84,263,1
84,325,6
84,461,2
84,470,17
84,495,9
85,79,19
85,86,10
85,144,14
85,231,7
85,259,5
86,87,20
86,158,9
86,329,3
86,367,6
86,387,2
86,457,8
87,67,5
87,88,4
87,90,12
88,4,13
88,89,20
88,96,7
88,269,4
88,301,4
89,41,6
89,59,19
89,90,11
89,112,1
89,127,8
89,357,20
89,463,9
90,91,3
90,118,3
90,171,9
90,292,7
90,318,10
90,381,13
90,450,15
90,464,13
90,465,19
90,507,5
91,46,8
91,76,4
91,92,15
91,166,5
91,168,1
91,349,17
91,407,1
91,503,5
92,50,7
92,93,10
92,128,8
92,147,1
92,368,8
92,511,18
93,94,9
93,302,7
93,400,13
94,21,16
94,95,5
94,282,15
94,302,8
94,310,3
95,15,7
95,96,11
95,443,20
96,97,17
96,222,4
96,229,10
96,357,2
96,431,10
96,463,4
96,490,3
97,98,15
97,147,19
97,208,4
97,352,17
97,396,12
97,422,10
98,99,14
98,281,5
98,449,6
98,451,14
99,98,17
99,100,5
99,325,19
99,330,16
100,8,6
100,35,14
100,101,7
100,272,8
100,358,11
100,482,2
101,102,7
101,139,1
101,375,18
101,396,1
101,445,20
102,64,17
102,103,10
102,179,9
102,243,14
102,468,9
102,494,2
103,104,7
103,141,14
103,246,20
103,387,4
103,403,19
103,415,9
103,450,2
104,8,20
104,105,17
104,121,4
104,158,4
104,241,17
104,305,11
104,381,2
104,391,17
104,399,17
104,473,9
104,474,2
105,31,7
105,106,1
105,149,1
105,176,2
105,233,2
105,260,15
106,107,13
106,204,8
106,298,15
106,397,4
107,57,17
107,108,15
107,123,13
107,128,14
107,167,20
107,276,2
107,482,16
108,31,12
108,109,10
108,201,10
108,457,18
108,504,18
109,110,5
109,131,18
109,132,18
109,144,9
109,351,6
109,383,12
110,14,18
110,111,9
110,211,16
111,112,5
111,184,18
111,246,15
111,324,10
111,497,14
112,113,5
112,302,2
112,436,1
112,474,17
113,114,15
113,148,19
113,186,20
114,115,9
114,128,4
114,207,7
114,209,5
114,222,5
114,318,20
114,334,16
114,396,8
114,398,4
114,403,16
115,116,18
115,179,18
115,261,7
115,435,6
116,45,4
116,117,5
116,130,20
116,216,7
116,350,18
116,367,5
116,483,8
116,503,9
117,118,5
117,166,9
117,339,14
117,360,12
118,63,13
118,119,15
118,120,17
118,176,20
118,225,13
119,15,1
119,120,9
119,204,7
119,286,9
120,121,6
120,132,7
120,281,14
120,438,5
120,476,12
121,122,7
121,198,15
121,237,14
121,340,20
121,422,20
121,457,18
121,478,18
122,116,7
122,123,5
122,134,2
122,162,16
122,338,20
123,124,3
123,206,1
123,220,18
123,257,20
123,258,6
123,270,2
123,482,10
124,20,10
124,83,3
124,110,13
124,125,11
124,357,6
124,404,20
124,456,16
125,7,18
125,106,10
125,126,8
125,254,7
125,323,2
125,379,18
125,403,13
125,438,10
125,440,15
125,501,5
126,94,19
126,127,19
126,177,16
126,424,3
126,428,18
127,11,7
127,35,15
127,38,8
127,85,8
127,128,11
127,164,20
127,327,10
127,381,6
127,401,20
127,483,10
127,511,13
128,3,13
128,49,17
128,129,13
128,152,3
128,160,14
129,64,8
129,130,12
129,225,4
129,336,3
129,370,9
129,396,17
130,101,18
130,127,15
130,131,5
130,242,3
130,269,5
130,360,14
130,476,16
130,482,5
130,492,3
131,69,11
131,132,13
131,183,10
132,31,17
132,133,4
132,180,16
132,187,9
132,308,7
132,339,6
132,385,9
133,91,15
133,134,19
133,237,2
133,240,14
133,276,7
133,435,11
134,103,1
134,135,3
134,172,13
134,295,2
134,309,19
134,414,14
135,136,11
135,444,18
135,450,19
136,22,14
136,45,13
136,137,7
136,216,17
137,0,3
137,34,11
137,44,13
137,138,18
137,278,9
137,347,2
137,370,3
137,382,10
137,474,11
137,509,6
138,12,2
138,121,6
138,139,15
138,339,12
138,386,4
138,426,3
138,492,19
138,493,19
139,24,11
139,91,7
139,140,14
139,203,2
139,240,7
139,282,5
140,45,8
140,141,8
140,272,20
140,371,9
140,466,12
141,4,1
141,33,1
141,142,4
141,224,9
141,352,11
141,360,18
141,419,6
142,76,13
142,122,8
142,133,11
142,143,14
142,178,18
142,248,15
142,250,5
142,306,11
142,429,8
142,473,9
142,486,16
142,503,9
143,144,10
143,158,6
144,145,9
144,305,20
144,325,7
145,42,3
145,146,1
145,163,17
145,177,3
145,188,6
145,310,2
146,147,18
146,219,2
146,226,19
146,299,13
146,410,13
146,426,9
146,439,17
147,85,3
147,148,18
147,300,20
147,383,7
147,440,13
148,83,2
148,149,4
148,196,20
148,419,11
149,75,15
149,144,11
149,150,18
149,179,7
149,200,1
149,212,15
150,110,16
150,120,17
150,151,16
150,402,2
151,108,15
151,152,14
151,155,20
151,177,8
151,275,19
151,362,11
151,444,18
152,26,10
152,82,8
152,153,15
152,190,4
152,196,12
152,235,9
152,329,16
153,154,1
153,213,17
153,415,13
154,120,15
154,143,7
154,155,5
154,196,1
154,374,19
155,47,19
155,104,3
155,156,9
155,215,19
155,410,18
155,470,12
156,116,12
156,157,2
156,163,8
156,186,4
156,309,5
156,508,5
157,11,15
157,29,4
157,136,4
157,158,6
157,267,19
157,326,10
158,126,17
158,137,12
158,159,11
158,190,5
158,349,15
158,454,19
159,134,5
159,160,3
159,173,10
159,246,19
159,306,15
159,443,19
159,486,6
160,161,12
160,204,8
160,264,14
160,397,19
161,39,16
161,58,9
161,74,3
161,162,3
161,252,9
161,333,7
161,383,18
161,385,5
161,508,2
162,163,1
162,502,18
163,7,20
163,40,5
163,47,9
163,164,6
163,413,10
163,419,1
163,448,1
163,476,8
164,44,8
164,121,1
164,165,2
164,229,16
165,142,2
165,163,3
165,166,12
165,249,17
165,302,19
165,304,9
166,15,6
166,167,15
166,175,11
166,213,4
166,352,9
166,431,10
167,124,13
167,168,6
167,222,19
167,338,16
167,383,4
167,466,6
168,105,13
168,110,17
168,169,18
168,236,12
168,297,12
168,408,7
169,89,7
169,170,6
169,231,2
169,433,13
170,13,11
170,16,8
170,56,11
170,83,12
170,89,8
170,171,10
170,413,7
170,492,19
171,34,2
171,91,6
171,172,7
171,203,17
171,284,12
171,490,2
172,161,20
172,173,7
172,213,17
172,220,6
172,246,7
172,285,18
172,396,18
173,1,1
173,3,9
173,157,9
173,174,7
173,378,11
173,417,10
174,146,10
174,147,7
174,175,7
174,254,7
174,501,17
175,55,17
175,145,9
175,176,12
175,239,11
176,177,20
176,244,1
176,337,14
176,423,11
176,436,20
176,455,14
177,86,11
177,145,6
177,178,12
177,464,18
178,140,20
178,179,4
178,357,18
178,493,2
178,507,6
179,18,19
179,54,8
179,65,19
179,174,16
179,180,9
179,213,11
179,468,15
180,30,1
180,114,4
180,156,20
180,181,8
180,349,11
180,377,12
180,393,5
181,91,8
181,182,14
181,328,1
181,357,17
181,469,14
182,12,7
182,55,2
182,134,15
182,165,17
182,183,6
182,196,15
182,219,16
182,377,14
182,380,10
182,384,7
182,428,7
182,509,20
183,4,1
183,184,20
183,194,7
183,215,13
183,292,2
183,364,2
183,386,8
184,6,8
184,93,12
184,163,13
184,185,15
184,199,11
184,319,8
184,321,13
184,368,12
185,138,13
185,186,10
185,259,8
185,403,16
185,502,6
186,106,12
186,187,12
186,241,9
186,339,10
187,22,13
187,176,10
187,188,6
187,229,5
187,239,19
187,433,18
188,22,19
188,93,3
188,139,5
188,189,5
188,385,15
188,420,18
188,430,3
188,480,14
189,161,13
189,190,11
189,434,20
190,116,4
190,191,14
190,197,4
190,203,11
190,401,9
190,493,7
191,53,13
191,65,20
191,113,14
191,119,8
191,192,19
191,433,8
191,467,13
191,476,10
192,13,4
192,108,16
192,193,20
192,352,3
192,365,20
192,400,6
192,413,11
192,485,12
193,126,7
193,160,4
193,194,17
193,363,11
194,13,1
194,116,13
194,171,10
194,195,5
194,290,19
194,306,6
195,196,11
196,29,13
196,197,9
196,273,9
197,120,1
197,198,8
197,208,18
197,294,19
197,484,14
198,91,13
198,199,20
198,332,5
198,336,13
198,425,5
198,495,11
199,32,12
199,200,1
199,248,12
199,363,15
199,437,4
200,77,18
200,137,3
200,201,19
200,357,6
200,460,7
200,482,19
200,488,7
201,202,16
201,306,11
201,370,18
201,377,5
201,423,14
201,485,6
202,72,17
202,103,10
202,136,20
202,203,17
202,222,16
202,315,5
202,332,6
202,418,1
202,445,2
202,470,1
202,507,16
203,2,16
203,4,19
203,82,1
203,110,7
203,204,19
203,206,13
203,500,1
204,28,5
204,137,13
204,159,13
204,205,16
204,357,2
204,370,3
204,386,3
204,420,7
204,486,17
205,106,18
205,116,13
205,206,17
205,285,15
205,397,13
206,182,8
206,207,3
206,309,18
206,400,19
206,423,6
206,463,1
206,507,3
207,158,8
207,164,4
207,208,1
207,332,3
207,348,1
207,382,14
207,423,7
208,30,20
208,56,16
208,106,11
208,108,4
208,155,6
208,209,19
208,212,1
208,219,1
208,292,16
208,471,15
208,496,4
209,118,17
209,210,15
209,356,11
209,368,6
209,397,10
210,160,16
210,211,10
210,351,13
210,378,12
210,472,9
211,41,15
211,42,6
211,87,7
211,131,12
211,212,19
211,446,14
211,463,2
212,165,1
212,185,14
212,205,7
212,213,1
212,328,16
212,335,7
212,358,6
213,214,11
213,237,15
213,442,3
214,67,9
214,80,16
214,175,14
214,215,3
214,237,19
214,358,4
214,387,4
214,439,1
214,461,19
215,118,5
215,140,18
215,216,12
215,339,11
215,446,19
215,448,1
216,42,18
216,85,17
216,87,19
216,217,12
216,387,20
216,427,7
217,218,1
217,296,1
217,343,17
217,431,8
217,468,2
218,196,2
218,219,16
218,358,9
219,46,6
219,116,2
219,220,20
219,266,14
220,53,16
220,209,13
220,221,15
220,247,5
220,335,8
220,423,13
220,464,12
221,25,4
221,199,4
221,222,3
221,397,18
221,400,8
222,47,17
222,223,4
223,35,5
223,49,10
223,164,19
223,224,12
223,402,9
223,465,10
224,45,3
224,95,11
224,225,15
224,250,17
224,366,18
224,401,20
224,499,2
225,201,2
225,226,1
226,41,13
226,59,1
226,156,1
226,195,16
226,227,11
226,241,15
226,253,9
226,410,17
226,459,1
227,228,11
227,461,19
227,483,5
227,489,8
227,506,1
228,179,11
228,229,17
228,311,16
228,337,9
228,439,12
228,451,11
229,7,18
229,42,2
229,63,2
229,158,19
229,174,1
229,230,2
229,249,4
229,310,6
229,392,13
229,497,8
230,11,13
230,93,4
230,118,4
230,231,14
230,290,2
230,318,20
230,398,11
231,83,14
231,232,19
231,288,9
231,379,4
231,426,13
231,455,9
232,18,7
232,87,17
232,133,11
232,233,17
232,339,4
232,349,13
233,78,8
233,110,15
233,127,5
233,222,9
233,234,4
233,273,15
233,304,2
233,332,3
233,434,12
233,446,3
234,235,20
234,240,12
234,305,3
234,319,17
234,468,4
234,477,19
234,480,15
234,511,10
235,16,18
235,55,11
235,161,3
235,173,20
235,187,10
235,191,19
235,193,16
235,236,10
235,301,2
235,372,7
235,430,5
236,4,6
236,237,16
236,280,7
236,366,14
236,369,2
236,395,20
236,482,3
237,34,9
237,47,11
237,61,1
237,108,9
237,133,8
237,238,6
237,291,7
237,484,10
237,499,1
238,33,7
238,229,4
238,239,20
238,241,2
238,288,3
238,311,20
238,409,6
238,467,8
239,53,17
239,226,16
239,240,9
239,250,4
239,251,5
239,322,3
239,401,17
239,455,18
240,28,18
240,36,12
240,198,3
240,241,7
240,364,19
240,467,19
240,474,8
241,143,2
241,242,17
241,361,9
242,68,17
242,171,9
242,243,7
242,296,20
242,376,10
242,464,5
242,486,7
243,27,9
243,101,10
243,150,16
243,180,6
243,186,7
243,211,6
243,244,14
243,263,2
243,279,6
243,367,3
243,378,11
244,72,17
244,139,8
244,245,9
244,304,10
244,306,6
244,429,6
244,493,2
245,3,16
245,210,11
245,246,5
245,269,14
245,301,10
245,329,6
245,418,20
245,453,8
246,4,9
246,6,12
246,74,5
246,95,13
246,247,18
246,257,3
246,259,17
246,330,10
246,400,19
246,472,11
247,248,12
247,276,9
247,363,15
247,373,15
247,390,4
247,477,13
248,223,13
248,249,11
248,406,10
248,495,12
249,250,1
249,300,19
249,305,7
249,321,5
249,383,5
250,251,17
250,292,11
250,385,10
250,453,11
251,151,7
251,252,8
251,430,15
252,97,19
252,98,18
252,114,2
252,190,12
252,227,7
252,233,19
252,253,10
252,259,5
252,311,14
252,393,2
253,65,15
253,81,12
253,210,19
253,230,10
253,254,19
253,290,2
253,399,10
253,433,17
254,94,17
254,115,18
254,218,5
254,255,10
254,428,2
255,12,7
255,65,14
255,256,2
255,394,14
255,430,18
256,16,17
256,141,19
256,257,14
256,392,14
257,143,2
257,157,8
257,177,18
257,258,4
257,364,5
258,144,8
258,145,16
258,243,3
258,259,16
259,9,19
259,14,5
259,154,2
259,239,4
259,260,1
259,411,14
259,475,1
259,511,9
260,138,12
260,151,20
260,261,10
260,328,5
261,188,8
261,262,16
261,275,7
261,276,19
261,363,5
262,136,8
262,228,11
262,263,3
263,27,2
263,114,5
263,189,19
263,259,5
263,264,18
263,340,2
264,1,8
264,178,5
264,182,15
264,265,5
264,366,7
264,507,7
265,31,4
265,266,9
265,320,2
266,94,12
266,99,11
266,267,10
266,287,2
266,294,15
266,300,17
266,367,9
266,381,16
266,464,8
266,490,20
266,498,15
266,505,19
266,506,12
267,25,9
267,268,20
267,352,17
268,141,6
268,189,13
268,209,16
268,269,5
268,293,2
268,350,11
269,142,15
269,149,6
269,270,13
269,373,3
269,464,9
270,271,16
270,308,2
270,310,13
270,318,9
270,428,7
271,200,5
271,205,13
271,272,15
271,302,5
271,367,15
271,381,11
272,50,16
272,124,7
272,197,18
272,210,2
272,273,5
273,40,17
273,112,20
273,126,19
273,274,18
273,306,8
273,481,14
274,105,6
274,118,18
274,275,2
274,485,4
275,73,10
275,269,18
275,276,15
275,298,2
276,12,6
276,252,10
276,271,20
276,277,1
276,285,13
276,331,9
276,510,19
277,278,3
277,281,19
277,327,15
277,458,14
278,279,9
279,63,5
279,70,10
279,82,13
279,136,14
279,187,7
279,280,5
279,332,11
279,494,16
280,35,8
280,49,1
280,74,1
280,150,4
280,194,8
280,281,12
280,326,2
280,500,7
281,28,19
281,282,9
281,285,6
281,316,7
282,59,1
282,283,7
282,291,9
282,322,1
282,362,15
283,241,1
283,274,20
283,284,8
283,336,9
283,349,5
284,28,8
284,285,5
284,307,2
284,337,2
284,354,20
284,406,2
285,24,1
285,180,15
285,202,1
285,286,16
285,295,1
285,488,16
286,119,14
286,287,18
286,394,6
287,37,17
287,143,17
287,207,16
287,266,16
287,288,16
287,300,16
287,382,7
288,36,4
288,72,7
288,112,14
288,223,8
288,263,20
288,289,16
288,302,17
288,342,9
288,364,5
288,401,20
289,77,2
289,156,17
289,290,11
290,73,14
290,125,5
290,199,1
290,238,1
290,277,10
290,291,4
290,473,13
291,32,8
291,40,2
291,103,14
291,200,20
291,292,4
291,327,15
292,78,5
292,89,20
292,194,4
292,293,2
292,497,16
293,61,1
293,120,5
293,269,5
293,294,3
293,395,7
293,441,17
293,455,18
294,15,15
294,113,11
294,158,3
294,295,2
295,27,6
295,169,12
295,296,19
295,315,1
295,374,5
296,57,14
296,249,17
296,297,1
296,367,10
296,484,19
297,73,16
297,76,20
297,169,7
297,180,18
297,209,8
297,284,3
297,298,3
297,425,14
298,91,14
298,220,13
298,280,20
298,299,2
298,311,8
298,312,4
298,327,8
298,387,18
298,408,15
298,447,7
298,457,14
298,496,15
299,121,16
299,157,19
299,259,4
299,300,11
299,319,17
299,325,12
299,354,19
299,362,17
299,392,14
300,82,20
300,301,1
300,447,18
301,7,12
301,221,17
301,249,10
301,302,1
301,487,19
301,488,14
302,50,12
302,120,9
302,303,10
302,438,5
303,126,10
303,304,18
303,405,6
304,3,5
304,109,20
304,113,18
304,221,14
304,253,13
304,305,15
304,415,6
305,1,13
305,31,9
305,94,4
305,149,3
305,182,14
305,306,11
305,330,5
305,381,2
305,429,3
305,471,12
306,62,9
306,91,19
306,120,11
306,190,20
306,278,11
306,307,12
306,347,19
306,493,2
307,118,7
307,173,4
307,216,15
307,225,12
307,229,7
307,308,9
307,466,16
308,263,7
308,279,13
308,292,14
308,309,9
308,378,15
308,397,9
309,32,14
309,102,10
309,114,9
309,310,12
309,385,5
309,452,17
309,475,18
309,499,5
310,213,6
310,245,7
310,259,17
310,311,15
310,351,11
310,375,8
310,385,17
310,392,13
311,213,1
311,244,20
311,250,3
311,287,11
311,312,15
312,100,18
312,165,3
312,225,1
312,270,17
312,313,14
312,412,2
312,490,14
313,53,17
313,55,11
313,145,10
313,219,2
313,314,7
313,452,5
314,231,6
314,315,12
314,368,3
314,399,1
314,415,17
315,137,11
315,316,15
315,387,12
315,426,7
316,298,20
316,317,15
316,324,20
316,503,9
317,51,12
317,75,1
317,90,19
317,180,8
317,210,13
317,318,1
317,400,12
317,477,13
318,37,8
318,71,8
318,88,16
318,109,19
318,127,4
318,252,19
318,313,4
318,319,11
319,83,14
319,128,18
319,230,15
319,320,20
319,475,2
319,496,17
320,68,20
320,96,1
320,321,16
320,404,1
321,179,5
321,322,8
321,339,16
321,356,12
322,321,4
322,323,10
323,56,16
323,324,5
323,325,6
323,373,18
323,410,4
323,411,7
324,30,8
324,64,13
324,149,12
324,168,10
324,237,12
324,325,15
325,42,8
325,54,8
325,324,15
325,326,8
325,352,10
325,404,3
325,429,9
325,438,18
325,502,14
326,79,19
326,130,15
326,198,12
326,208,20
326,266,19
326,294,2
326,303,3
326,327,20
327,2,12
327,120,5
327,205,17
327,234,3
327,264,12
327,293,14
327,328,1
327,368,5
328,329,15
328,429,13
328,450,2
329,7,9
329,162,9
329,181,20
329,218,13
329,219,16
329,330,5
329,406,10
329,465,15
329,479,14
330,38,4
330,88,1
330,249,1
330,276,11
330,302,2
330,311,17
330,331,9
330,422,11
331,183,6
331,249,9
331,301,8
331,332,6
331,382,20
331,391,10
331,397,14
332,15,16
332,28,14
332,41,15
332,67,10
332,82,3
332,176,4
332,184,7
332,333,10
332,351,8
332,409,20
332,474,9
332,506,15
333,5,20
333,140,13
333,211,17
333,300,16
333,334,6
333,492,7
334,140,13
334,195,1
334,272,5
334,335,2
335,229,9
335,309,14
335,336,12
335,416,15
336,94,9
336,160,2
336,188,10
336,200,18
336,210,11
336,317,15
336,337,3
336,394,6
337,191,6
337,229,5
337,232,12
337,304,19
337,338,13
337,368,1
337,392,19
338,85,3
338,94,1
338,168,2
338,323,19
338,339,14
339,98,3
339,153,18
339,181,15
339,254,19
339,340,9
340,120,9
340,341,20
341,59,3
341,219,5
341,308,8
341,342,1
341,372,13
341,388,12
341,510,10
342,197,16
342,343,11
342,359,17
342,391,20
342,503,19
343,9,12
343,76,15
343,123,8
343,344,20
343,369,6
343,372,1
343,448,8
343,499,8
343,508,11
344,39,3
344,64,18
344,136,15
344,333,19
344,345,10
344,378,5
344,403,11
344,476,1
345,229,6
345,256,5
345,346,18
345,351,5
345,368,10
345,415,17
345,443,1
346,12,4
346,132,4
346,197,1
346,205,13
346,342,6
346,347,13
346,409,16
347,124,16
347,348,7
347,359,5
348,71,20
348,91,3
348,248,15
348,269,9
348,349,20
348,480,2
349,130,9
349,164,13
349,186,8
349,350,17
349,413,19
350,79,9
350,337,8
350,351,2
350,365,15
350,434,19
350,464,4
350,492,19
351,0,7
351,106,7
351,152,4
351,310,15
351,313,18
351,344,4
351,352,7
351,360,16
351,452,5
351,461,2
352,40,20
352,214,15
352,265,20
352,317,6
352,323,11
352,353,11
352,402,19
352,490,13
353,218,11
353,269,17
353,354,18
353,407,10
354,213,16
354,238,11
354,355,4
355,24,4
355,107,20
355,137,8
355,227,13
355,284,10
355,356,17
356,40,9
356,45,14
356,61,12
356,253,20
356,352,20
356,357,9
356,419,3
356,481,9
357,10,10
357,358,16
357,448,1
358,127,8
358,213,3
358,278,9
358,357,6
358,359,7
358,373,19
359,187,2
359,251,18
359,353,17
359,360,1
359,396,14
359,461,15
360,157,18
360,274,3
360,300,2
360,361,11
360,463,3
360,466,8
361,138,1
361,309,17
361,336,7
361,362,11
361,367,5
362,10,15
362,283,10
362,363,15
363,154,18
363,200,19
363,364,15
363,431,14
364,73,4
364,232,14
364,329,10
364,341,8
364,365,9
364,427,11
364,446,2
364,469,3
365,23,6
365,28,16
365,41,15
365,224,1
365,326,18
365,366,3
365,428,17
365,430,9
366,247,15
366,295,9
366,367,16
367,68,20
367,114,1
367,187,13
367,368,18
367,511,9
368,30,5
368,222,20
368,285,4
368,369,20
368,439,5
369,90,12
369,97,5
369,104,6
369,141,1
369,248,9
369,295,5
369,311,19
369,333,19
369,370,14
369,455,16
370,242,6
370,340,16
370,371,10
370,377,3
370,407,14
371,22,6
371,38,9
371,72,2
371,112,12
371,179,5
371,195,20
371,200,3
371,372,3
371,428,13
371,495,14
372,146,15
372,199,18
372,255,3
372,306,11
372,373,10
372,470,10
373,153,1
373,219,7
373,374,16
373,441,11
373,479,10
374,106,16
374,273,20
374,307,16
374,375,12
375,69,13
375,294,18
375,376,13
375,416,15
375,442,17
375,462,16
376,249,2
376,377,1
377,82,12
377,160,3
377,172,20
377,267,12
377,278,7
377,378,11
377,388,16
377,440,7
378,147,9
378,379,19
378,423,6
378,483,12
379,12,8
379,197,3
379,380,17
380,136,7
380,161,13
380,181,4
380,253,15
380,295,18
380,381,8
380,465,1
381,201,7
381,358,18
381,382,4
381,505,4
382,83,20
382,160,5
382,181,8
382,347,7
382,383,16
382,413,12
382,436,8
383,69,18
383,102,11
383,377,15
383,384,18
384,9,13
384,78,5
384,109,14
384,383,11
384,385,2
384,396,5
384,412,17
384,490,20
384,506,16
385,52,19
385,167,7
385,204,10
385,310,7
385,386,6
386,28,1
386,98,13
386,286,12
386,300,18
386,301,13
386,387,13
386,390,10
386,486,17
386,511,7
387,81,17
387,148,12
387,185,4
387,319,16
387,388,10
388,24,4
388,45,5
388,150,11
388,235,2
388,389,12
388,482,2
389,32,15
389,80,20
389,126,16
389,150,17
389,390,16
390,47,19
390,136,4
390,294,4
390,317,5
390,391,6
390,457,1
391,112,6
391,195,15
391,392,9
392,76,20
392,143,17
392,148,14
392,192,12
392,380,5
392,393,12
392,439,9
392,450,18
393,123,15
393,279,8
393,306,20
393,394,18
393,423,19
394,366,20
394,395,5
394,450,10
395,19,13
395,377,14
395,396,19
396,8,16
396,34,4
396,258,5
396,397,5
396,424,8
397,89,2
397,263,1
397,301,14
397,312,20
397,398,20
397,407,10
398,103,5
398,116,10
398,163,15
398,219,2
398,270,2
398,399,18
398,451,17
398,496,8
399,25,18
399,85,5
399,263,7
399,270,9
399,400,17
400,286,9
400,288,3
400,318,13
400,324,1
400,347,10
400,401,20
401,45,6
401,57,1
401,75,3
401,188,20
401,223,3
401,327,6
401,402,12
401,437,15
402,224,15
402,403,15
402,435,3
402,469,18
402,480,12
402,500,13
403,11,16
403,69,1
403,99,1
403,104,3
403,269,16
403,272,18
403,315,5
403,404,4
403,504,16
403,507,18
404,90,13
404,180,19
404,231,13
404,266,10
404,372,3
404,401,9
404,405,18
405,260,16
405,406,8
405,511,19
406,48,8
406,71,1
406,288,18
406,407,18
406,472,6
407,253,11
407,306,18
407,408,3
408,0,5
408,5,1
408,191,19
408,253,3
408,295,7
408,409,17
408,446,18
408,447,13
409,410,1
409,440,19
410,43,11
410,233,1
410,379,16
410,398,9
410,411,6
410,451,1
410,506,2
411,131,19
411,365,8
411,379,9
411,389,11
411,412,9
412,227,1
412,254,16
412,349,4
412,368,12
412,413,12
412,472,4
412,485,12
413,44,4
413,54,15
413,213,15
413,321,7
413,414,14
414,75,11
414,102,6
414,120,15
414,315,2
414,360,13
414,361,7
414,415,15
414,490,6
415,164,2
415,367,20
415,416,13
415,475,14
416,37,4
416,45,11
416,74,8
416,197,4
416,340,10
416,358,9
416,417,3
417,38,17
417,121,3
417,187,11
417,210,2
417,418,20
418,65,6
418,75,17
418,98,15
418,419,3
419,11,7
419,45,17
419,66,11
419,113,8
419,165,18
419,182,14
419,375,4
419,420,9
420,43,7
420,108,18
420,220,12
420,232,19
420,418,1
420,421,4
420,442,13
420,466,13
420,489,3
421,59,3
421,108,19
421,227,8
421,347,19
421,422,15
421,502,8
422,92,10
422,104,9
422,144,18
422,232,14
422,251,16
422,423,12
422,435,15
423,163,20
423,205,12
423,313,18
423,424,10
423,476,18
424,214,20
424,377,10
424,410,14
424,425,11
425,6,19
425,138,4
425,178,16
425,216,17
425,370,7
425,404,9
425,426,19
426,250,15
426,427,15
427,60,6
427,69,2
427,157,18
427,182,3
427,197,11
427,221,19
427,279,11
427,303,13
427,382,10
427,428,5
428,91,1
428,94,8
428,263,13
428,400,14
428,429,8
429,146,8
429,430,12
430,12,16
430,146,16
430,181,12
430,187,8
430,239,11
430,431,3
430,511,17
431,31,12
431,147,2
431,412,9
431,424,10
431,432,5
431,473,16
432,39,14
432,49,2
432,335,18
432,358,5
432,433,15
432,435,15
433,119,16
433,209,20
433,336,11
433,408,9
433,423,17
433,434,17
433,491,20
434,105,12
434,154,11
434,208,19
434,396,14
434,435,11
435,105,3
435,300,14
435,309,14
435,327,6
435,436,15
436,91,20
436,147,16
436,421,19
436,437,20
437,149,5
437,199,19
437,269,20
437,313,3
437,416,11
437,438,11
438,240,8
438,279,12
438,389,2
438,439,2
438,511,9
439,45,18
439,258,10
439,334,20
439,389,12
439,440,6
440,154,7
440,160,4
440,362,19
440,441,19
440,487,13
441,109,9
441,378,10
441,379,6
441,431,18
441,442,3
441,458,2
441,508,19
442,61,6
442,68,3
442,137,2
442,250,14
442,287,13
442,293,4
442,443,18
443,116,6
443,145,9
443,281,15
443,283,7
443,436,16
443,444,3
444,25,6
444,99,16
444,126,6
444,146,12
444,163,6
444,189,12
444,445,11
445,4,5
445,83,12
445,345,13
445,415,15
445,446,20
445,482,3
446,48,10
446,132,13
446,378,4
446,386,4
446,447,10
447,17,5
447,265,20
447,287,1
447,305,8
447,381,1
447,448,5
447,491,9
448,65,7
448,106,9
448,130,2
448,222,5
448,300,15
448,357,20
448,449,19
449,157,19
449,166,14
449,263,14
449,331,18
449,450,4
450,206,2
450,371,8
450,451,4
450,470,12
451,111,12
451,191,1
451,257,12
451,325,6
451,430,3
451,452,5
451,479,6
451,481,1
452,40,9
452,168,9
452,300,6
452,371,18
452,378,7
452,448,8
452,453,4
452,472,16
453,10,11
453,134,14
453,235,2
453,355,12
453,381,6
453,454,9
454,117,15
454,149,7
454,180,2
454,455,16
455,76,11
455,116,6
455,128,17
455,144,1
455,148,5
455,166,13
455,368,18
455,456,20
456,382,1
456,457,15
457,83,12
457,385,9
457,458,12
457,474,18
458,204,1
458,313,18
458,449,12
458,459,11
459,75,13
459,160,8
459,268,1
459,290,4
459,423,18
459,442,15
459,460,1
459,504,4
460,20,17
460,75,6
460,87,18
460,190,13
460,215,14
460,340,13
460,432,10
460,461,20
460,503,20
461,73,2
461,145,9
461,227,13
461,235,3
461,390,13
461,406,1
461,462,10
462,66,8
462,401,12
462,441,6
462,463,14
463,144,12
463,194,20
463,354,16
463,402,9
463,464,13
464,194,7
464,287,10
464,381,6
464,465,13
465,91,2
465,362,12
465,454,16
465,466,10
466,59,7
466,212,12
466,279,11
466,355,2
466,389,14
466,409,6
466,431,7
466,434,15
466,467,12
466,486,13
466,508,10
467,153,19
467,236,5
467,357,17
467,423,5
467,468,17
468,166,17
468,176,1
468,303,11
468,344,11
468,469,9
468,486,5
469,17,2
469,147,5
469,166,3
469,269,17
469,461,8
469,470,10
469,489,13
469,501,13
470,6,3
470,13,20
470,35,14
470,42,13
470,56,1
470,74,17
470,118,12
470,120,13
470,151,8
470,471,13
470,501,1
470,505,5
471,14,18
471,449,12
471,472,7
472,213,16
472,232,20
472,277,13
472,288,1
472,426,15
472,463,16
472,473,12
473,78,20
473,272,13
473,357,10
473,474,8
474,210,12
474,249,2
474,284,13
474,363,11
474,453,5
474,475,8
475,25,15
475,268,12
475,283,17
475,290,18
475,339,18
475,349,9
475,471,14
475,476,8
476,268,3
476,285,15
476,477,3
477,78,10
477,90,8
477,251,16
477,291,14
477,380,20
477,411,5
477,478,4
477,502,14
478,174,5
478,197,11
478,336,15
478,418,12
478,447,7
478,471,13
478,479,4
479,17,18
479,18,9
479,39,20
479,45,11
479,47,2
479,56,9
479,66,18
479,169,14
479,362,20
479,480,1
480,213,6
480,264,9
480,325,2
480,350,1
480,437,5
480,473,15
480,481,8
481,47,1
481,115,13
481,175,8
481,214,11
481,296,10
481,431,5
481,453,15
481,455,2
481,479,8
481,482,1
481,506,12
482,314,15
482,316,2
482,409,11
482,483,14
483,164,6
483,344,3
483,390,11
483,472,17
483,484,4
484,6,19
484,345,14
484,402,4
484,413,8
484,414,7
484,427,11
484,454,19
484,485,7
485,321,6
485,412,16
485,479,3
485,486,19
486,64,16
486,109,9
486,156,2
486,454,15
486,487,1
487,43,7
487,72,12
487,181,5
487,340,1
487,370,3
487,488,4
488,434,14
488,489,12
489,241,18
489,345,2
489,408,7
489,490,16
490,32,9
490,325,16
490,361,10
490,491,18
491,41,5
491,42,12
491,242,18
491,317,20
491,492,13
492,6,4
492,331,16
492,436,5
492,451,12
492,493,4
493,107,12
493,118,15
493,262,15
493,286,13
493,494,20
493,502,19
494,30,17
494,36,12
494,355,14
494,430,3
494,463,16
494,495,6
494,505,10
495,65,14
495,110,19
495,129,3
495,132,5
495,156,20
495,207,12
495,317,20
495,460,19
495,496,14
496,242,3
496,402,3
496,497,5
497,198,20
497,280,9
497,319,14
497,498,19
498,161,2
498,178,8
498,317,2
498,414,9
498,493,6
498,499,3
499,70,5
499,113,20
499,173,4
499,293,16
499,328,6
499,346,13
499,463,6
499,500,14
499,504,4
500,87,13
500,202,19
500,238,17
500,501,15
501,5,9
501,60,1
501,144,19
501,431,3
501,450,5
501,502,5
502,86,5
502,153,1
502,503,18
503,107,13
503,167,8
503,281,20
503,287,6
503,469,14
503,504,3
504,11,7
504,12,17
504,15,12
504,90,17
504,213,19
504,247,14
504,260,11
504,337,17
504,385,5
504,404,18
504,422,17
504,505,1
505,83,9
505,178,12
505,506,5
506,119,16
506,173,4
506,204,18
506,265,14
506,286,14
506,303,14
506,507,8
507,43,6
507,186,15
507,190,11
507,208,15
507,395,20
507,508,4
508,119,18
508,311,6
508,353,5
508,374,10
508,451,14
508,509,18
509,4,4
509,50,7
509,59,1
509,182,10
509,343,10
509,510,13
510,433,9
510,487,14
510,488,16
510,511,6
511,0,4
511,96,2
511,189,8
511,391,18
